,GT,Region,CostCentrum,FX,datetime
0,P,Ustecky kraj,Jine,154,08/22/2019 03:06 AM
1,R,Liberecky kraj,Korporat,395,07/12/2019 10:49 AM
2,C,Liberecky kraj,Korporat,348,04/14/2019 04:32 PM
3,R,Liberecky kraj,Korporat,490,07/13/2019 01:27 AM
4,P,Karlovarsky kraj,SME,894,07/14/2019 10:36 PM
5,P,Kraj Vysocina,Jine,294,05/22/2019 05:56 AM
6,P,Kralovehradecky kraj,Korporat,877,03/04/2019 01:40 PM
7,0,Kraj Vysocina,SME,700,03/26/2019 04:23 AM
8,0,Olomoucky kraj,Korporat,132,11/01/2019 09:25 PM
9,P,Kralovehradecky kraj,SME,993,04/16/2019 10:32 PM
10,C,Olomoucky kraj,Jine,948,01/29/2019 05:40 AM
11,0,Olomoucky kraj,Jine,87,08/27/2019 12:27 AM
12,C,Zlínsky kraj,Jine,916,02/05/2019 03:36 AM
13,R,Liberecky kraj,Korporat,495,06/01/2019 06:34 AM
14,P,Stredoceský kraj,Korporat,837,09/04/2019 10:22 AM
15,0,Stredoceský kraj,SME,959,11/18/2019 11:24 PM
16,C,Zlínsky kraj,SME,860,12/28/2019 04:18 AM
17,P,Jihomoravsky kraj,SME,805,03/31/2019 10:53 AM
18,C,Moravskoslezsky kraj,Jine,712,12/14/2019 03:52 PM
19,P,Jihomoravsky kraj,Korporat,128,10/03/2019 06:05 PM
20,C,Jihoceský kraj,Jine,822,06/02/2019 09:58 AM
21,R,Jihomoravsky kraj,Korporat,92,01/09/2019 07:45 PM
22,C,Stredoceský kraj,SME,309,06/11/2019 06:50 PM
23,0,Olomoucky kraj,Korporat,45,04/02/2019 07:19 AM
24,C,Plzenský kraj,SME,997,04/16/2019 06:46 PM
25,R,Moravskoslezsky kraj,Korporat,992,07/03/2019 11:54 AM
26,R,Ustecky kraj,Korporat,772,04/24/2019 01:17 PM
27,0,Jihomoravsky kraj,Jine,973,07/22/2019 08:07 PM
28,P,Stredoceský kraj,Jine,885,10/14/2019 12:11 PM
29,P,Pardubicky kraj,Jine,932,01/06/2019 06:30 PM
30,P,Karlovarsky kraj,Korporat,800,08/14/2019 07:21 PM
31,0,Liberecky kraj,SME,940,05/03/2019 01:51 AM
32,C,Jihoceský kraj,Korporat,938,02/09/2019 10:16 PM
33,0,Stredoceský kraj,Korporat,210,12/10/2019 07:41 PM
34,C,Stredoceský kraj,Korporat,193,08/20/2019 05:58 PM
35,P,Ustecky kraj,SME,439,07/29/2019 01:40 PM
36,P,Karlovarsky kraj,SME,422,04/10/2019 01:45 AM
37,R,Stredoceský kraj,Korporat,631,11/24/2019 09:22 AM
38,C,Kraj Vysocina,Jine,394,06/20/2019 10:43 PM
39,C,Jihoceský kraj,Jine,778,10/04/2019 09:50 AM
40,C,Jihoceský kraj,Jine,938,02/10/2019 01:37 PM
41,C,Pardubicky kraj,SME,533,06/10/2019 09:34 AM
42,R,Hlavni mesto Praha,Jine,616,03/04/2019 01:22 PM
43,C,Olomoucky kraj,SME,758,09/23/2019 08:32 PM
44,0,Stredoceský kraj,Korporat,171,12/28/2019 04:50 PM
45,R,Ustecky kraj,Korporat,238,01/31/2019 03:33 PM
46,P,Kraj Vysocina,Jine,153,12/28/2019 09:17 AM
47,C,Jihoceský kraj,Korporat,71,11/24/2019 03:56 PM
48,0,Jihomoravsky kraj,SME,847,03/23/2019 07:01 PM
49,R,Stredoceský kraj,SME,831,07/30/2019 06:33 PM
50,0,Olomoucky kraj,SME,451,09/14/2019 02:21 PM
51,R,Jihomoravsky kraj,Jine,791,03/14/2019 08:51 AM
52,C,Olomoucky kraj,Korporat,354,12/20/2019 03:29 PM
53,R,Olomoucky kraj,Korporat,130,04/10/2019 09:53 AM
54,0,Liberecky kraj,SME,238,07/15/2019 11:39 PM
55,0,Liberecky kraj,SME,167,05/10/2019 10:57 AM
56,0,Karlovarsky kraj,Korporat,116,01/22/2019 05:41 PM
57,0,Jihomoravsky kraj,Korporat,976,06/12/2019 04:31 PM
58,0,Jihomoravsky kraj,SME,946,02/10/2019 11:25 AM
59,0,Hlavni mesto Praha,Jine,734,02/15/2019 11:01 PM
60,R,Jihomoravsky kraj,Jine,125,08/05/2019 06:54 PM
61,R,Kraj Vysocina,Korporat,13,03/03/2019 03:40 AM
62,R,Kraj Vysocina,SME,850,04/27/2019 05:33 PM
63,C,Moravskoslezsky kraj,SME,944,08/02/2019 07:34 AM
64,C,Jihoceský kraj,SME,498,10/14/2019 02:49 AM
65,0,Kralovehradecky kraj,SME,983,03/16/2019 09:45 AM
66,P,Zlínsky kraj,Korporat,42,07/26/2019 07:28 AM
67,P,Moravskoslezsky kraj,SME,991,07/15/2019 07:29 PM
68,0,Pardubicky kraj,SME,21,01/19/2019 12:06 AM
69,P,Zlínsky kraj,SME,931,01/21/2019 09:27 AM
70,P,Kraj Vysocina,Korporat,646,06/02/2019 05:21 AM
71,P,Ustecky kraj,Jine,864,09/21/2019 05:05 AM
72,P,Kralovehradecky kraj,SME,856,01/21/2019 10:48 AM
73,0,Stredoceský kraj,Jine,854,09/28/2019 11:47 AM
74,C,Olomoucky kraj,Jine,433,06/02/2019 12:04 AM
75,C,Jihoceský kraj,SME,241,04/09/2019 12:55 PM
76,P,Hlavni mesto Praha,SME,972,01/10/2019 07:46 AM
77,R,Zlínsky kraj,Jine,581,11/07/2019 04:16 PM
78,C,Stredoceský kraj,Korporat,703,05/22/2019 12:49 AM
79,P,Hlavni mesto Praha,SME,922,03/02/2019 03:37 AM
80,P,Karlovarsky kraj,Jine,955,04/16/2019 10:57 AM
81,0,Plzenský kraj,Korporat,893,04/02/2019 09:11 PM
82,P,Stredoceský kraj,Korporat,896,08/19/2019 03:33 AM
83,0,Moravskoslezsky kraj,SME,762,06/26/2019 11:02 AM
84,0,Plzenský kraj,Jine,98,09/04/2019 06:03 PM
85,0,Zlínsky kraj,Korporat,646,09/01/2019 01:19 PM
86,0,Plzenský kraj,SME,964,09/26/2019 03:45 PM
87,C,Pardubicky kraj,Jine,689,11/02/2019 11:13 PM
88,0,Ustecky kraj,SME,540,01/02/2019 07:23 PM
89,C,Kralovehradecky kraj,Jine,980,10/10/2019 09:30 PM
90,0,Moravskoslezsky kraj,Korporat,170,07/17/2019 10:25 AM
91,C,Ustecky kraj,SME,367,06/22/2019 02:04 AM
92,C,Jihoceský kraj,Korporat,325,11/15/2019 01:16 AM
93,C,Moravskoslezsky kraj,SME,552,11/29/2019 08:53 PM
94,0,Zlínsky kraj,Jine,495,12/25/2019 10:43 PM
95,0,Kralovehradecky kraj,Korporat,985,02/24/2019 01:21 PM
96,C,Pardubicky kraj,SME,818,11/24/2019 01:37 PM
97,0,Zlínsky kraj,SME,208,09/04/2019 09:49 AM
98,R,Hlavni mesto Praha,SME,726,03/15/2019 08:11 PM
99,P,Stredoceský kraj,Korporat,243,05/05/2019 02:22 PM
100,0,Kralovehradecky kraj,SME,642,07/17/2019 10:59 AM
101,R,Plzenský kraj,Korporat,538,06/18/2019 02:18 AM
102,C,Hlavni mesto Praha,SME,634,02/09/2019 11:57 AM
103,R,Karlovarsky kraj,SME,402,01/29/2019 04:05 PM
104,P,Jihomoravsky kraj,Korporat,77,10/27/2019 02:43 AM
105,P,Ustecky kraj,Jine,294,12/28/2019 02:35 PM
106,P,Zlínsky kraj,SME,941,06/06/2019 10:33 PM
107,P,Kraj Vysocina,Korporat,329,10/15/2019 12:06 PM
108,R,Kraj Vysocina,Jine,970,03/29/2019 10:09 AM
109,R,Moravskoslezsky kraj,SME,383,04/26/2019 04:41 PM
110,R,Ustecky kraj,Jine,603,04/28/2019 03:26 PM
111,P,Plzenský kraj,Korporat,319,02/12/2019 01:09 AM
112,0,Zlínsky kraj,SME,769,06/11/2019 04:46 PM
113,0,Moravskoslezsky kraj,SME,529,03/08/2019 04:45 PM
114,0,Ustecky kraj,Korporat,736,02/08/2019 06:20 PM
115,P,Pardubicky kraj,Korporat,662,05/20/2019 05:11 PM
116,P,Hlavni mesto Praha,SME,732,06/15/2019 09:59 AM
117,0,Zlínsky kraj,SME,817,03/07/2019 11:58 PM
118,0,Hlavni mesto Praha,Jine,427,03/21/2019 07:22 PM
119,R,Kralovehradecky kraj,Korporat,148,07/12/2019 03:30 PM
120,P,Zlínsky kraj,SME,662,05/21/2019 03:46 PM
121,P,Kralovehradecky kraj,Jine,751,02/14/2019 07:46 AM
122,R,Olomoucky kraj,SME,243,07/31/2019 12:24 AM
123,0,Kraj Vysocina,Korporat,777,08/04/2019 03:39 PM
124,0,Kraj Vysocina,SME,985,10/05/2019 10:10 PM
125,R,Liberecky kraj,SME,608,12/01/2019 12:55 AM
126,P,Stredoceský kraj,SME,941,04/19/2019 09:34 AM
127,R,Moravskoslezsky kraj,Korporat,926,08/24/2019 09:32 AM
128,P,Kraj Vysocina,Jine,581,08/11/2019 07:09 AM
129,0,Ustecky kraj,Jine,157,01/14/2019 11:12 PM
130,C,Plzenský kraj,Jine,444,10/20/2019 01:55 PM
131,C,Hlavni mesto Praha,Jine,44,08/13/2019 02:00 PM
132,0,Plzenský kraj,Jine,223,07/25/2019 06:23 PM
133,0,Moravskoslezsky kraj,Jine,703,11/02/2019 02:54 AM
134,0,Jihoceský kraj,Jine,957,04/03/2019 04:15 AM
135,P,Olomoucky kraj,Korporat,987,12/14/2019 02:46 PM
136,R,Karlovarsky kraj,SME,647,03/21/2019 02:40 PM
137,C,Moravskoslezsky kraj,SME,648,07/20/2019 07:57 PM
138,R,Stredoceský kraj,Jine,114,11/12/2019 09:50 PM
139,0,Pardubicky kraj,Korporat,229,10/13/2019 01:16 AM
140,0,Hlavni mesto Praha,Korporat,568,03/14/2019 04:32 AM
141,P,Jihomoravsky kraj,SME,80,10/29/2019 11:51 PM
142,P,Moravskoslezsky kraj,SME,59,09/07/2019 04:03 AM
143,R,Liberecky kraj,Jine,886,11/04/2019 03:57 AM
144,R,Stredoceský kraj,Jine,622,04/28/2019 07:54 AM
145,0,Hlavni mesto Praha,Jine,964,04/04/2019 12:04 PM
146,R,Kralovehradecky kraj,SME,525,11/11/2019 03:20 AM
147,0,Kralovehradecky kraj,SME,563,07/28/2019 09:10 PM
148,R,Liberecky kraj,Korporat,962,04/22/2019 05:54 PM
149,C,Kraj Vysocina,SME,606,08/21/2019 04:29 AM
150,R,Hlavni mesto Praha,Korporat,550,10/18/2019 06:27 AM
151,R,Ustecky kraj,Korporat,393,08/27/2019 06:40 AM
152,P,Liberecky kraj,SME,956,03/05/2019 01:09 AM
153,P,Jihomoravsky kraj,Korporat,983,04/04/2019 07:10 AM
154,0,Stredoceský kraj,Jine,936,09/25/2019 09:02 PM
155,0,Moravskoslezsky kraj,Korporat,647,02/24/2019 06:34 PM
156,R,Karlovarsky kraj,Jine,506,04/04/2019 11:31 PM
157,R,Pardubicky kraj,Korporat,151,03/03/2019 07:15 AM
158,R,Jihomoravsky kraj,Jine,997,10/12/2019 05:36 AM
159,C,Kraj Vysocina,Jine,85,08/20/2019 03:29 AM
160,C,Karlovarsky kraj,Jine,391,10/12/2019 10:44 PM
161,P,Stredoceský kraj,Jine,556,02/11/2019 01:59 AM
162,0,Kralovehradecky kraj,Jine,482,06/23/2019 01:44 PM
163,P,Karlovarsky kraj,SME,868,10/09/2019 03:53 PM
164,C,Jihoceský kraj,Korporat,968,08/03/2019 09:08 AM
165,C,Zlínsky kraj,Jine,162,08/27/2019 04:53 AM
166,R,Liberecky kraj,Jine,168,01/28/2019 08:59 AM
167,C,Jihoceský kraj,Korporat,225,07/29/2019 01:50 AM
168,R,Kraj Vysocina,Korporat,504,02/24/2019 11:24 PM
169,R,Olomoucky kraj,Korporat,285,07/22/2019 02:39 AM
170,0,Kraj Vysocina,SME,137,08/06/2019 05:56 PM
171,C,Ustecky kraj,Korporat,450,12/19/2019 11:48 PM
172,C,Kraj Vysocina,Korporat,573,07/21/2019 01:23 AM
173,0,Karlovarsky kraj,Korporat,285,04/26/2019 12:43 AM
174,0,Kraj Vysocina,Jine,428,11/28/2019 02:11 PM
175,P,Plzenský kraj,SME,72,06/21/2019 05:04 AM
176,P,Jihomoravsky kraj,SME,433,03/31/2019 05:54 AM
177,P,Kraj Vysocina,Jine,818,05/06/2019 12:42 PM
178,C,Ustecky kraj,Jine,914,06/29/2019 02:56 PM
179,C,Plzenský kraj,Jine,874,11/08/2019 05:44 AM
180,0,Ustecky kraj,Jine,297,11/23/2019 02:28 PM
181,P,Stredoceský kraj,SME,814,07/23/2019 02:47 AM
182,0,Plzenský kraj,Korporat,358,11/29/2019 11:02 PM
183,0,Moravskoslezsky kraj,Jine,556,04/06/2019 02:01 PM
184,R,Plzenský kraj,Jine,75,07/03/2019 08:32 AM
185,C,Plzenský kraj,Korporat,400,06/29/2019 05:09 AM
186,R,Stredoceský kraj,Jine,93,02/22/2019 01:25 AM
187,R,Kraj Vysocina,Jine,421,10/22/2019 09:05 AM
188,0,Olomoucky kraj,Korporat,350,02/06/2019 12:29 PM
189,P,Olomoucky kraj,Korporat,695,10/17/2019 11:57 AM
190,0,Olomoucky kraj,Korporat,245,05/12/2019 01:47 AM
191,C,Jihoceský kraj,SME,505,10/06/2019 06:02 PM
192,C,Olomoucky kraj,Jine,178,07/07/2019 05:24 AM
193,0,Stredoceský kraj,Jine,965,05/07/2019 03:32 AM
194,P,Karlovarsky kraj,SME,759,07/12/2019 01:21 AM
195,P,Stredoceský kraj,Jine,397,11/24/2019 11:08 AM
196,R,Zlínsky kraj,SME,737,12/15/2019 03:26 PM
197,P,Liberecky kraj,Jine,10,06/27/2019 12:53 AM
198,P,Jihoceský kraj,SME,894,10/09/2019 03:47 PM
199,P,Karlovarsky kraj,Korporat,445,03/10/2019 06:13 PM
200,P,Ustecky kraj,Jine,523,12/28/2019 01:52 AM
201,C,Kraj Vysocina,Korporat,844,01/24/2019 06:22 AM
202,P,Pardubicky kraj,Jine,494,12/27/2019 08:53 AM
203,P,Stredoceský kraj,Korporat,586,04/04/2019 12:57 PM
204,0,Ustecky kraj,Korporat,275,04/28/2019 02:54 PM
205,0,Moravskoslezsky kraj,Korporat,382,04/29/2019 01:26 PM
206,R,Pardubicky kraj,SME,764,10/20/2019 03:51 PM
207,C,Zlínsky kraj,Jine,379,11/04/2019 07:18 AM
208,P,Hlavni mesto Praha,Jine,669,11/14/2019 09:38 PM
209,0,Ustecky kraj,SME,268,09/10/2019 02:02 PM
210,P,Stredoceský kraj,Korporat,696,02/15/2019 05:03 AM
211,P,Plzenský kraj,Korporat,811,10/15/2019 04:19 AM
212,0,Pardubicky kraj,Jine,877,02/28/2019 03:21 AM
213,C,Karlovarsky kraj,SME,830,07/05/2019 01:47 PM
214,0,Liberecky kraj,Jine,192,02/04/2019 09:34 AM
215,0,Jihomoravsky kraj,Korporat,502,09/28/2019 11:37 PM
216,P,Pardubicky kraj,Korporat,974,04/15/2019 05:17 AM
217,P,Moravskoslezsky kraj,Korporat,911,07/12/2019 04:36 AM
218,C,Moravskoslezsky kraj,Jine,857,02/16/2019 11:47 PM
219,P,Jihoceský kraj,Korporat,640,03/03/2019 09:35 AM
220,0,Kraj Vysocina,SME,388,06/21/2019 07:39 PM
221,C,Liberecky kraj,Korporat,234,11/14/2019 10:01 PM
222,C,Kralovehradecky kraj,Jine,97,08/13/2019 03:01 PM
223,C,Stredoceský kraj,SME,208,06/27/2019 04:23 PM
224,C,Liberecky kraj,Korporat,358,11/29/2019 03:47 AM
225,R,Karlovarsky kraj,SME,80,07/05/2019 12:29 AM
226,C,Liberecky kraj,Korporat,693,05/17/2019 05:52 PM
227,P,Plzenský kraj,SME,858,10/04/2019 08:31 AM
228,C,Olomoucky kraj,SME,30,10/26/2019 03:18 PM
229,R,Karlovarsky kraj,Jine,681,11/20/2019 04:42 AM
230,0,Hlavni mesto Praha,SME,436,11/07/2019 03:54 PM
231,R,Jihomoravsky kraj,SME,386,09/30/2019 02:42 PM
232,C,Jihomoravsky kraj,Jine,867,04/14/2019 01:17 AM
233,P,Jihoceský kraj,SME,42,08/06/2019 11:21 PM
234,R,Kraj Vysocina,Jine,908,05/20/2019 02:42 PM
235,0,Ustecky kraj,SME,18,04/19/2019 04:51 PM
236,C,Pardubicky kraj,Korporat,193,07/22/2019 02:31 PM
237,R,Jihomoravsky kraj,Jine,450,01/05/2019 10:56 PM
238,0,Jihoceský kraj,SME,950,06/29/2019 09:00 PM
239,P,Stredoceský kraj,Korporat,87,06/17/2019 06:52 AM
240,0,Pardubicky kraj,Jine,416,04/24/2019 04:19 PM
241,R,Kraj Vysocina,SME,67,09/15/2019 08:33 PM
242,C,Stredoceský kraj,Jine,202,11/16/2019 05:43 AM
243,P,Liberecky kraj,Korporat,682,08/29/2019 04:16 PM
244,C,Hlavni mesto Praha,Korporat,258,03/06/2019 05:01 AM
245,0,Kraj Vysocina,Jine,891,04/23/2019 07:09 PM
246,R,Kralovehradecky kraj,Jine,346,09/18/2019 06:55 PM
247,C,Pardubicky kraj,SME,507,08/21/2019 01:24 PM
248,P,Stredoceský kraj,Jine,527,08/06/2019 04:55 PM
249,R,Jihomoravsky kraj,Jine,332,07/21/2019 07:52 PM
250,C,Plzenský kraj,SME,506,07/19/2019 01:50 PM
251,R,Karlovarsky kraj,SME,509,07/27/2019 04:56 AM
252,C,Pardubicky kraj,SME,731,08/20/2019 05:19 AM
253,0,Stredoceský kraj,Korporat,489,07/29/2019 08:32 AM
254,C,Plzenský kraj,SME,685,08/21/2019 02:35 PM
255,R,Liberecky kraj,Korporat,444,02/16/2019 09:50 PM
256,P,Olomoucky kraj,Korporat,409,12/18/2019 04:54 AM
257,0,Kraj Vysocina,Korporat,327,03/24/2019 10:29 AM
258,C,Karlovarsky kraj,Jine,846,02/01/2019 10:41 AM
259,0,Kraj Vysocina,Korporat,224,10/31/2019 07:03 AM
260,R,Karlovarsky kraj,Korporat,274,03/21/2019 12:20 AM
261,0,Kralovehradecky kraj,Jine,663,05/12/2019 03:30 AM
262,C,Hlavni mesto Praha,Korporat,181,04/30/2019 04:03 AM
263,C,Jihomoravsky kraj,SME,254,04/20/2019 02:51 AM
264,0,Pardubicky kraj,SME,53,06/12/2019 08:29 PM
265,C,Zlínsky kraj,SME,5,12/31/2019 08:05 PM
266,C,Karlovarsky kraj,SME,893,06/30/2019 08:01 AM
267,P,Pardubicky kraj,SME,25,01/28/2019 06:14 AM
268,R,Olomoucky kraj,Jine,790,09/08/2019 10:57 AM
269,C,Kraj Vysocina,Jine,90,07/08/2019 02:24 PM
270,R,Olomoucky kraj,Jine,488,11/28/2019 11:00 PM
271,P,Olomoucky kraj,Korporat,552,01/08/2019 08:54 PM
272,P,Hlavni mesto Praha,SME,956,04/11/2019 05:14 PM
273,C,Jihoceský kraj,Korporat,905,10/12/2019 10:29 PM
274,R,Zlínsky kraj,Jine,313,05/06/2019 08:20 AM
275,C,Pardubicky kraj,Jine,85,11/21/2019 11:15 PM
276,P,Liberecky kraj,Jine,537,02/23/2019 10:49 PM
277,P,Karlovarsky kraj,SME,891,07/17/2019 03:37 AM
278,P,Kralovehradecky kraj,Jine,766,09/13/2019 03:11 AM
279,0,Jihoceský kraj,Korporat,3,06/30/2019 04:57 AM
280,C,Jihomoravsky kraj,Korporat,441,11/09/2019 04:47 AM
281,P,Stredoceský kraj,Jine,702,10/02/2019 03:18 PM
282,R,Plzenský kraj,SME,748,02/06/2019 03:44 PM
283,R,Karlovarsky kraj,Jine,287,03/26/2019 11:54 AM
284,P,Zlínsky kraj,Korporat,923,08/24/2019 11:02 PM
285,0,Olomoucky kraj,Korporat,264,12/29/2019 07:00 AM
286,0,Karlovarsky kraj,Jine,756,09/21/2019 06:40 AM
287,P,Jihomoravsky kraj,Korporat,719,04/03/2019 02:15 AM
288,R,Jihomoravsky kraj,SME,819,09/12/2019 11:35 PM
289,R,Moravskoslezsky kraj,Jine,950,04/01/2019 09:38 PM
290,0,Stredoceský kraj,Jine,211,07/30/2019 05:41 AM
291,C,Kralovehradecky kraj,SME,207,05/29/2019 03:47 PM
292,P,Hlavni mesto Praha,Korporat,846,02/26/2019 05:11 AM
293,R,Kralovehradecky kraj,Korporat,320,02/10/2019 02:28 AM
294,P,Jihomoravsky kraj,Jine,472,10/28/2019 03:56 PM
295,P,Olomoucky kraj,Korporat,385,11/23/2019 08:31 PM
296,0,Olomoucky kraj,Jine,833,08/08/2019 11:13 AM
297,C,Pardubicky kraj,Korporat,389,12/15/2019 11:32 AM
298,C,Liberecky kraj,SME,168,03/30/2019 09:13 AM
299,R,Kralovehradecky kraj,SME,228,12/11/2019 02:43 PM
300,0,Kraj Vysocina,Jine,990,04/14/2019 05:56 AM
301,P,Hlavni mesto Praha,Jine,121,08/18/2019 12:18 AM
302,P,Zlínsky kraj,Korporat,855,10/14/2019 02:31 AM
303,0,Zlínsky kraj,SME,444,10/29/2019 02:15 AM
304,C,Ustecky kraj,Korporat,312,07/25/2019 08:13 PM
305,P,Hlavni mesto Praha,Korporat,561,12/11/2019 10:31 PM
306,P,Pardubicky kraj,Jine,699,03/27/2019 07:23 PM
307,P,Karlovarsky kraj,Korporat,653,10/10/2019 06:04 AM
308,R,Stredoceský kraj,SME,307,03/18/2019 01:18 PM
309,C,Jihomoravsky kraj,Jine,662,12/10/2019 04:10 AM
310,P,Moravskoslezsky kraj,Jine,513,12/14/2019 12:26 PM
311,R,Stredoceský kraj,Korporat,170,01/13/2019 08:41 AM
312,P,Ustecky kraj,Jine,936,11/09/2019 02:15 PM
313,R,Olomoucky kraj,Korporat,419,03/29/2019 04:23 PM
314,R,Hlavni mesto Praha,Jine,554,01/28/2019 02:18 AM
315,C,Kralovehradecky kraj,SME,399,03/18/2019 03:08 PM
316,C,Ustecky kraj,SME,70,07/05/2019 07:01 PM
317,0,Zlínsky kraj,Korporat,663,06/08/2019 12:58 AM
318,P,Stredoceský kraj,Korporat,112,07/18/2019 07:31 AM
319,R,Liberecky kraj,SME,239,07/13/2019 05:37 PM
320,R,Hlavni mesto Praha,Korporat,263,10/05/2019 06:40 PM
321,0,Ustecky kraj,SME,426,04/23/2019 05:03 AM
322,C,Stredoceský kraj,Korporat,932,09/22/2019 01:23 PM
323,R,Ustecky kraj,Korporat,897,03/18/2019 02:19 AM
324,P,Kralovehradecky kraj,Jine,767,08/04/2019 03:18 AM
325,R,Jihomoravsky kraj,Korporat,837,11/18/2019 11:36 PM
326,0,Hlavni mesto Praha,Korporat,588,03/23/2019 12:32 AM
327,R,Stredoceský kraj,Korporat,709,09/09/2019 10:58 AM
328,C,Ustecky kraj,Jine,375,01/02/2019 03:09 AM
329,P,Ustecky kraj,SME,986,04/19/2019 02:07 AM
330,0,Jihoceský kraj,Jine,488,04/02/2019 01:40 AM
331,P,Liberecky kraj,Jine,727,05/27/2019 03:53 AM
332,C,Hlavni mesto Praha,Jine,434,12/10/2019 07:45 AM
333,C,Karlovarsky kraj,Jine,5,09/02/2019 01:04 PM
334,R,Kraj Vysocina,Jine,278,05/01/2019 03:03 PM
335,0,Zlínsky kraj,Jine,954,08/14/2019 06:23 AM
336,R,Pardubicky kraj,SME,634,03/08/2019 02:03 AM
337,P,Pardubicky kraj,Jine,910,07/27/2019 01:38 PM
338,P,Zlínsky kraj,Korporat,957,06/23/2019 03:08 AM
339,C,Liberecky kraj,Korporat,829,04/28/2019 12:24 AM
340,R,Karlovarsky kraj,SME,579,05/05/2019 03:30 AM
341,R,Moravskoslezsky kraj,Jine,966,08/21/2019 01:59 AM
342,0,Pardubicky kraj,Korporat,15,02/16/2019 06:09 AM
343,P,Liberecky kraj,Jine,493,07/04/2019 03:52 PM
344,C,Plzenský kraj,Korporat,518,08/09/2019 06:47 PM
345,0,Liberecky kraj,SME,443,06/30/2019 08:41 PM
346,P,Jihoceský kraj,Korporat,975,08/30/2019 10:20 AM
347,R,Zlínsky kraj,Jine,91,06/10/2019 09:24 PM
348,0,Olomoucky kraj,Jine,185,08/19/2019 03:20 AM
349,R,Stredoceský kraj,SME,703,05/07/2019 09:49 AM
350,C,Hlavni mesto Praha,Korporat,428,09/18/2019 10:59 PM
351,R,Jihoceský kraj,SME,462,08/03/2019 01:30 AM
352,R,Jihoceský kraj,Jine,414,01/26/2019 11:35 PM
353,R,Jihoceský kraj,Jine,886,08/05/2019 11:31 AM
354,0,Kraj Vysocina,Jine,997,01/26/2019 11:50 PM
355,P,Kraj Vysocina,Korporat,300,11/23/2019 07:54 PM
356,R,Moravskoslezsky kraj,SME,551,10/20/2019 05:41 PM
357,R,Stredoceský kraj,Korporat,284,03/31/2019 10:39 AM
358,C,Ustecky kraj,Korporat,770,01/08/2019 01:42 PM
359,R,Plzenský kraj,Korporat,820,04/18/2019 09:54 PM
360,P,Karlovarsky kraj,SME,203,07/17/2019 07:38 AM
361,0,Kraj Vysocina,SME,214,06/30/2019 11:09 PM
362,R,Stredoceský kraj,SME,814,11/26/2019 01:18 PM
363,0,Stredoceský kraj,SME,697,12/19/2019 10:43 PM
364,C,Hlavni mesto Praha,Korporat,601,09/07/2019 07:54 PM
365,P,Moravskoslezsky kraj,SME,448,01/16/2019 04:56 PM
366,P,Hlavni mesto Praha,Korporat,545,01/04/2019 07:07 AM
367,R,Kralovehradecky kraj,Korporat,639,08/12/2019 11:03 AM
368,0,Jihomoravsky kraj,SME,620,06/15/2019 05:54 PM
369,C,Stredoceský kraj,Jine,864,03/14/2019 08:33 AM
370,R,Kralovehradecky kraj,Jine,380,11/19/2019 02:35 AM
371,R,Hlavni mesto Praha,SME,537,10/09/2019 09:46 AM
372,C,Kralovehradecky kraj,Korporat,315,03/01/2019 06:32 PM
373,C,Kraj Vysocina,Jine,794,06/30/2019 03:38 PM
374,P,Kralovehradecky kraj,Jine,582,07/28/2019 04:44 AM
375,0,Karlovarsky kraj,SME,932,12/10/2019 05:01 AM
376,C,Zlínsky kraj,Korporat,281,06/26/2019 03:35 AM
377,0,Jihomoravsky kraj,Korporat,33,04/06/2019 03:49 PM
378,P,Karlovarsky kraj,SME,867,06/30/2019 07:33 AM
379,R,Jihoceský kraj,SME,345,07/06/2019 03:26 AM
380,0,Hlavni mesto Praha,SME,989,07/31/2019 09:04 PM
381,R,Liberecky kraj,SME,419,09/11/2019 06:08 AM
382,0,Karlovarsky kraj,Korporat,208,07/03/2019 12:44 AM
383,P,Plzenský kraj,Jine,12,07/06/2019 09:49 PM
384,0,Pardubicky kraj,Korporat,649,10/08/2019 07:19 PM
385,C,Zlínsky kraj,Korporat,957,11/01/2019 03:10 PM
386,C,Zlínsky kraj,SME,856,01/12/2019 03:35 AM
387,C,Stredoceský kraj,SME,150,12/17/2019 08:58 PM
388,R,Kraj Vysocina,Jine,361,12/16/2019 05:24 PM
389,C,Zlínsky kraj,SME,744,02/13/2019 07:39 AM
390,C,Jihoceský kraj,SME,481,03/18/2019 07:59 PM
391,C,Liberecky kraj,SME,693,11/28/2019 04:46 AM
392,C,Karlovarsky kraj,Korporat,827,01/12/2019 01:01 PM
393,P,Hlavni mesto Praha,Jine,689,04/22/2019 01:22 PM
394,0,Jihomoravsky kraj,SME,723,11/13/2019 07:19 PM
395,R,Pardubicky kraj,Jine,462,04/16/2019 04:11 PM
396,C,Stredoceský kraj,Jine,62,11/03/2019 04:04 AM
397,0,Ustecky kraj,SME,638,09/19/2019 04:30 AM
398,C,Jihomoravsky kraj,Korporat,244,01/15/2019 04:17 PM
399,P,Liberecky kraj,Korporat,768,11/05/2019 09:52 PM
400,C,Kralovehradecky kraj,Jine,505,03/21/2019 06:04 AM
401,C,Jihoceský kraj,Jine,347,02/01/2019 02:47 PM
402,0,Stredoceský kraj,Korporat,794,02/21/2019 10:11 PM
403,0,Zlínsky kraj,SME,510,02/07/2019 07:36 AM
404,P,Kralovehradecky kraj,Korporat,423,11/05/2019 10:46 AM
405,0,Karlovarsky kraj,SME,477,08/12/2019 03:12 AM
406,0,Jihomoravsky kraj,SME,813,11/16/2019 06:20 PM
407,C,Zlínsky kraj,Korporat,748,09/06/2019 05:36 AM
408,R,Liberecky kraj,SME,90,05/20/2019 09:50 AM
409,0,Jihoceský kraj,Jine,831,01/16/2019 07:22 AM
410,0,Stredoceský kraj,SME,809,09/06/2019 12:08 PM
411,P,Liberecky kraj,Jine,924,04/11/2019 06:59 AM
412,P,Hlavni mesto Praha,Korporat,261,09/19/2019 06:21 PM
413,R,Kralovehradecky kraj,Korporat,335,06/02/2019 12:26 PM
414,0,Plzenský kraj,Jine,591,12/31/2019 02:07 PM
415,R,Jihoceský kraj,Jine,94,02/27/2019 01:01 AM
416,C,Kraj Vysocina,SME,321,06/22/2019 03:29 PM
417,P,Liberecky kraj,Jine,513,02/16/2019 06:51 AM
418,P,Hlavni mesto Praha,Korporat,98,01/04/2019 05:56 PM
419,0,Moravskoslezsky kraj,Korporat,379,09/27/2019 12:48 AM
420,C,Zlínsky kraj,Korporat,247,01/08/2019 04:46 PM
421,R,Kralovehradecky kraj,SME,351,04/21/2019 07:57 AM
422,0,Olomoucky kraj,Jine,120,09/08/2019 03:38 AM
423,P,Jihomoravsky kraj,SME,300,02/12/2019 10:39 AM
424,R,Pardubicky kraj,Jine,702,11/29/2019 09:47 AM
425,0,Stredoceský kraj,SME,273,01/22/2019 11:00 AM
426,R,Liberecky kraj,Korporat,620,09/23/2019 09:51 AM
427,0,Kralovehradecky kraj,Jine,597,09/11/2019 01:17 AM
428,C,Jihomoravsky kraj,Korporat,755,03/08/2019 09:05 PM
429,0,Jihomoravsky kraj,Jine,333,12/22/2019 02:00 PM
430,P,Olomoucky kraj,SME,450,08/14/2019 02:21 PM
431,C,Jihomoravsky kraj,Korporat,172,10/28/2019 07:14 AM
432,0,Pardubicky kraj,Jine,248,03/28/2019 12:45 AM
433,P,Jihomoravsky kraj,SME,209,12/23/2019 07:12 AM
434,0,Jihoceský kraj,SME,59,10/06/2019 05:46 PM
435,0,Stredoceský kraj,Korporat,269,12/22/2019 07:10 AM
436,0,Jihomoravsky kraj,Korporat,363,02/23/2019 07:50 PM
437,0,Plzenský kraj,SME,378,09/11/2019 04:09 PM
438,R,Hlavni mesto Praha,Korporat,411,05/11/2019 06:34 AM
439,C,Olomoucky kraj,Jine,118,03/21/2019 03:56 PM
440,R,Liberecky kraj,Jine,807,11/20/2019 03:07 PM
441,R,Moravskoslezsky kraj,Korporat,568,02/19/2019 12:25 PM
442,R,Pardubicky kraj,Korporat,681,09/07/2019 08:47 PM
443,P,Jihoceský kraj,Korporat,883,08/06/2019 03:03 PM
444,P,Kraj Vysocina,Korporat,557,07/28/2019 06:29 AM
445,C,Stredoceský kraj,Jine,159,11/18/2019 09:01 AM
446,R,Olomoucky kraj,Korporat,76,11/20/2019 07:22 AM
447,C,Hlavni mesto Praha,SME,485,11/11/2019 11:25 AM
448,P,Stredoceský kraj,Jine,220,07/24/2019 12:56 PM
449,0,Zlínsky kraj,Korporat,266,06/04/2019 11:49 AM
450,C,Hlavni mesto Praha,Jine,432,11/29/2019 09:34 PM
451,P,Stredoceský kraj,SME,690,11/29/2019 02:32 PM
452,0,Liberecky kraj,SME,894,10/14/2019 04:35 PM
453,R,Stredoceský kraj,Korporat,279,06/30/2019 01:39 PM
454,R,Jihomoravsky kraj,Korporat,366,01/10/2019 11:05 PM
455,R,Hlavni mesto Praha,Korporat,368,01/13/2019 11:49 AM
456,P,Ustecky kraj,SME,273,10/22/2019 05:25 PM
457,R,Jihomoravsky kraj,Jine,605,11/08/2019 08:13 PM
458,C,Moravskoslezsky kraj,Jine,62,06/22/2019 07:46 PM
459,P,Plzenský kraj,Jine,370,01/27/2019 04:55 AM
460,C,Kralovehradecky kraj,Korporat,856,05/28/2019 12:52 AM
461,P,Hlavni mesto Praha,Jine,582,10/17/2019 10:08 PM
462,R,Plzenský kraj,Jine,140,12/05/2019 03:38 PM
463,0,Stredoceský kraj,Jine,937,05/08/2019 05:00 AM
464,0,Karlovarsky kraj,SME,521,06/29/2019 02:42 PM
465,0,Moravskoslezsky kraj,Korporat,37,03/15/2019 08:36 PM
466,C,Zlínsky kraj,Korporat,173,02/10/2019 07:15 AM
467,P,Jihoceský kraj,Korporat,423,03/12/2019 12:19 PM
468,C,Kraj Vysocina,Jine,467,09/24/2019 09:07 PM
469,P,Ustecky kraj,Jine,847,12/03/2019 03:34 PM
470,C,Olomoucky kraj,SME,895,04/21/2019 02:45 PM
471,0,Pardubicky kraj,SME,209,01/11/2019 12:02 AM
472,C,Karlovarsky kraj,SME,23,03/26/2019 09:29 AM
473,0,Stredoceský kraj,SME,692,11/09/2019 11:51 AM
474,0,Zlínsky kraj,Korporat,863,05/26/2019 03:18 PM
475,0,Kralovehradecky kraj,Jine,283,03/13/2019 05:33 AM
476,C,Hlavni mesto Praha,Korporat,509,12/10/2019 06:52 AM
477,R,Zlínsky kraj,Korporat,947,02/06/2019 05:52 PM
478,0,Jihoceský kraj,Korporat,774,09/12/2019 02:12 PM
479,C,Ustecky kraj,SME,259,03/18/2019 02:32 AM
480,C,Kraj Vysocina,SME,601,04/16/2019 09:56 PM
481,R,Kralovehradecky kraj,SME,988,06/20/2019 03:36 PM
482,0,Liberecky kraj,Korporat,424,09/19/2019 04:20 AM
483,C,Olomoucky kraj,Jine,914,09/21/2019 04:25 AM
484,0,Ustecky kraj,Jine,443,10/07/2019 08:31 PM
485,P,Liberecky kraj,Jine,929,06/15/2019 07:51 PM
486,C,Moravskoslezsky kraj,Jine,266,09/20/2019 12:53 AM
487,C,Moravskoslezsky kraj,Korporat,989,11/08/2019 10:31 AM
488,0,Zlínsky kraj,Korporat,450,06/24/2019 09:27 AM
489,P,Kralovehradecky kraj,Jine,510,10/28/2019 08:10 AM
490,0,Karlovarsky kraj,Jine,358,03/18/2019 11:25 AM
491,R,Kralovehradecky kraj,Jine,157,09/18/2019 10:32 PM
492,0,Zlínsky kraj,SME,658,02/18/2019 04:02 AM
493,R,Stredoceský kraj,Jine,343,04/21/2019 08:52 AM
494,R,Kralovehradecky kraj,SME,984,10/04/2019 08:16 PM
495,R,Hlavni mesto Praha,Jine,946,10/31/2019 03:32 PM
496,R,Jihoceský kraj,SME,673,04/01/2019 12:21 AM
497,R,Stredoceský kraj,SME,822,10/25/2019 08:03 AM
498,C,Kralovehradecky kraj,Korporat,380,04/23/2019 11:33 AM
499,C,Hlavni mesto Praha,SME,466,07/18/2019 07:18 AM
500,0,Olomoucky kraj,Jine,466,10/25/2019 06:48 PM
501,R,Hlavni mesto Praha,Jine,676,01/08/2019 02:51 PM
502,0,Stredoceský kraj,Jine,763,10/15/2019 01:27 AM
503,P,Liberecky kraj,Korporat,597,04/23/2019 08:47 AM
504,R,Olomoucky kraj,Jine,352,06/02/2019 12:18 AM
505,0,Ustecky kraj,Jine,258,12/07/2019 07:25 AM
506,0,Jihoceský kraj,Jine,300,11/15/2019 09:37 PM
507,0,Karlovarsky kraj,SME,586,03/05/2019 04:43 AM
508,P,Kralovehradecky kraj,Jine,822,05/31/2019 08:29 PM
509,R,Stredoceský kraj,SME,444,09/01/2019 03:55 AM
510,0,Kralovehradecky kraj,Korporat,849,12/02/2019 08:23 PM
511,0,Zlínsky kraj,Korporat,920,10/22/2019 05:59 AM
512,R,Olomoucky kraj,Jine,875,04/05/2019 04:17 AM
513,R,Pardubicky kraj,Jine,537,05/11/2019 02:52 AM
514,R,Kraj Vysocina,Korporat,541,02/07/2019 07:17 PM
515,R,Olomoucky kraj,SME,984,03/18/2019 11:45 PM
516,0,Liberecky kraj,SME,472,04/03/2019 05:48 AM
517,C,Ustecky kraj,Korporat,313,04/26/2019 10:08 AM
518,R,Liberecky kraj,SME,17,09/11/2019 11:43 PM
519,R,Zlínsky kraj,Korporat,207,01/28/2019 07:40 AM
520,P,Kraj Vysocina,Korporat,157,04/13/2019 03:36 PM
521,R,Zlínsky kraj,Jine,5,09/09/2019 11:33 AM
522,R,Ustecky kraj,Jine,579,05/02/2019 12:14 PM
523,C,Zlínsky kraj,SME,233,11/13/2019 03:39 PM
524,C,Hlavni mesto Praha,SME,5,07/11/2019 02:46 PM
525,P,Zlínsky kraj,Jine,66,12/11/2019 04:07 PM
526,C,Moravskoslezsky kraj,Korporat,708,07/08/2019 09:20 PM
527,P,Ustecky kraj,Jine,470,04/29/2019 10:47 AM
528,0,Moravskoslezsky kraj,Korporat,973,08/02/2019 06:47 PM
529,C,Jihoceský kraj,SME,959,01/29/2019 01:58 AM
530,P,Liberecky kraj,SME,452,01/25/2019 09:11 PM
531,P,Ustecky kraj,Jine,469,11/23/2019 03:22 AM
532,0,Jihomoravsky kraj,Jine,423,04/02/2019 08:23 PM
533,0,Zlínsky kraj,SME,224,07/03/2019 01:40 AM
534,P,Moravskoslezsky kraj,SME,442,01/02/2019 10:27 PM
535,R,Jihomoravsky kraj,SME,126,03/06/2019 07:37 PM
536,R,Zlínsky kraj,Jine,142,07/09/2019 03:29 AM
537,0,Jihomoravsky kraj,Korporat,684,04/15/2019 06:16 PM
538,0,Karlovarsky kraj,Jine,217,11/09/2019 09:24 AM
539,C,Liberecky kraj,Jine,259,04/03/2019 08:57 AM
540,C,Hlavni mesto Praha,Jine,236,05/22/2019 10:09 PM
541,C,Karlovarsky kraj,SME,970,02/25/2019 05:16 AM
542,P,Hlavni mesto Praha,Jine,906,07/28/2019 01:28 AM
543,0,Kralovehradecky kraj,SME,472,09/29/2019 04:50 PM
544,0,Pardubicky kraj,Jine,382,09/19/2019 07:58 AM
545,R,Jihoceský kraj,Korporat,65,09/28/2019 09:51 PM
546,0,Stredoceský kraj,SME,817,05/15/2019 10:41 AM
547,C,Kraj Vysocina,Jine,80,05/02/2019 03:07 PM
548,R,Hlavni mesto Praha,Jine,998,12/27/2019 11:58 PM
549,P,Jihoceský kraj,Korporat,851,10/28/2019 09:11 AM
550,C,Karlovarsky kraj,Korporat,540,09/14/2019 02:33 PM
551,0,Liberecky kraj,Jine,59,11/20/2019 11:01 AM
552,R,Jihoceský kraj,Jine,51,07/23/2019 07:55 PM
553,P,Moravskoslezsky kraj,Jine,375,12/27/2019 08:57 PM
554,P,Liberecky kraj,Jine,537,07/07/2019 05:42 PM
555,0,Kralovehradecky kraj,Jine,103,09/10/2019 01:54 AM
556,R,Kralovehradecky kraj,Korporat,38,01/10/2019 01:40 PM
557,0,Karlovarsky kraj,Jine,562,12/16/2019 06:17 AM
558,0,Kraj Vysocina,Jine,795,06/09/2019 06:50 PM
559,R,Pardubicky kraj,Jine,301,07/31/2019 05:44 PM
560,R,Ustecky kraj,Jine,906,11/03/2019 08:49 PM
561,C,Stredoceský kraj,Korporat,799,11/13/2019 07:56 PM
562,R,Plzenský kraj,SME,424,10/15/2019 03:32 AM
563,0,Kralovehradecky kraj,Jine,177,12/27/2019 04:05 AM
564,0,Kraj Vysocina,Korporat,77,05/27/2019 07:51 AM
565,0,Jihoceský kraj,Korporat,495,11/05/2019 04:29 PM
566,P,Stredoceský kraj,Jine,999,12/01/2019 05:05 AM
567,R,Stredoceský kraj,Korporat,197,01/11/2019 07:39 PM
568,P,Pardubicky kraj,Jine,648,03/22/2019 07:24 PM
569,0,Kralovehradecky kraj,Jine,466,09/11/2019 10:56 AM
570,R,Kraj Vysocina,Korporat,524,04/04/2019 02:28 PM
571,0,Plzenský kraj,SME,919,09/26/2019 12:12 AM
572,R,Jihoceský kraj,Korporat,895,09/05/2019 06:52 PM
573,0,Ustecky kraj,Korporat,540,01/04/2019 07:13 AM
574,P,Pardubicky kraj,Korporat,517,01/24/2019 03:18 PM
575,R,Zlínsky kraj,Korporat,43,02/17/2019 09:53 PM
576,R,Kralovehradecky kraj,Jine,585,04/09/2019 04:36 AM
577,C,Liberecky kraj,Jine,12,11/20/2019 01:22 PM
578,P,Kralovehradecky kraj,Jine,423,07/09/2019 05:29 PM
579,P,Zlínsky kraj,Korporat,194,03/31/2019 04:05 PM
580,C,Moravskoslezsky kraj,Korporat,54,06/25/2019 11:22 AM
581,P,Jihoceský kraj,Jine,60,02/03/2019 04:34 AM
582,R,Moravskoslezsky kraj,SME,946,07/02/2019 08:48 PM
583,C,Karlovarsky kraj,Jine,728,12/29/2019 07:02 AM
584,0,Jihomoravsky kraj,Korporat,751,01/31/2019 01:45 PM
585,0,Zlínsky kraj,SME,761,05/17/2019 11:38 AM
586,R,Jihomoravsky kraj,Korporat,515,08/04/2019 12:09 PM
587,C,Liberecky kraj,SME,60,12/09/2019 05:27 AM
588,C,Stredoceský kraj,Jine,951,03/31/2019 09:37 PM
589,0,Plzenský kraj,Korporat,329,04/06/2019 04:06 AM
590,R,Stredoceský kraj,Jine,228,09/04/2019 03:48 PM
591,0,Stredoceský kraj,SME,387,06/13/2019 07:24 PM
592,P,Kralovehradecky kraj,Jine,432,03/16/2019 10:21 PM
593,R,Karlovarsky kraj,Jine,287,08/19/2019 08:39 AM
594,P,Moravskoslezsky kraj,Jine,522,07/22/2019 05:51 PM
595,C,Zlínsky kraj,Jine,184,11/17/2019 11:50 PM
596,C,Liberecky kraj,Korporat,463,09/13/2019 01:41 PM
597,C,Liberecky kraj,Jine,476,01/06/2019 05:20 PM
598,0,Jihoceský kraj,Korporat,863,10/01/2019 03:20 AM
599,0,Moravskoslezsky kraj,Korporat,470,07/06/2019 10:43 PM
600,0,Karlovarsky kraj,Jine,708,12/16/2019 09:46 AM
601,P,Stredoceský kraj,SME,856,11/25/2019 05:45 AM
602,0,Liberecky kraj,Jine,312,10/26/2019 11:31 AM
603,R,Jihoceský kraj,Jine,48,03/12/2019 09:59 PM
604,P,Plzenský kraj,SME,178,03/18/2019 08:05 AM
605,C,Jihomoravsky kraj,SME,714,07/05/2019 10:39 PM
606,C,Olomoucky kraj,Korporat,855,04/28/2019 11:15 PM
607,0,Pardubicky kraj,Jine,901,10/06/2019 06:07 PM
608,R,Hlavni mesto Praha,Korporat,763,12/12/2019 12:06 AM
609,R,Liberecky kraj,Korporat,531,07/26/2019 12:31 AM
610,R,Hlavni mesto Praha,Korporat,478,07/24/2019 04:56 AM
611,C,Ustecky kraj,SME,819,03/09/2019 11:05 AM
612,0,Plzenský kraj,SME,240,02/16/2019 07:22 AM
613,P,Olomoucky kraj,SME,975,09/21/2019 04:35 PM
614,R,Moravskoslezsky kraj,Korporat,404,11/04/2019 04:41 AM
615,P,Jihoceský kraj,SME,899,12/15/2019 08:08 AM
616,R,Kraj Vysocina,Jine,835,02/25/2019 03:30 AM
617,0,Liberecky kraj,Jine,940,06/14/2019 11:19 AM
618,C,Hlavni mesto Praha,Korporat,52,10/09/2019 12:32 AM
619,0,Moravskoslezsky kraj,Korporat,531,11/18/2019 04:29 AM
620,R,Olomoucky kraj,SME,12,08/21/2019 11:58 AM
621,P,Hlavni mesto Praha,SME,394,12/23/2019 04:11 PM
622,C,Jihoceský kraj,SME,971,01/16/2019 06:41 AM
623,C,Jihomoravsky kraj,Korporat,156,08/02/2019 07:39 PM
624,P,Ustecky kraj,Korporat,562,12/14/2019 11:42 AM
625,R,Pardubicky kraj,Jine,250,12/27/2019 06:57 PM
626,C,Olomoucky kraj,Jine,943,07/07/2019 07:13 PM
627,R,Karlovarsky kraj,Jine,660,03/26/2019 02:06 AM
628,P,Kralovehradecky kraj,SME,450,09/23/2019 09:53 PM
629,C,Kralovehradecky kraj,SME,561,09/13/2019 03:00 AM
630,P,Ustecky kraj,SME,26,01/14/2019 03:14 AM
631,C,Hlavni mesto Praha,Jine,352,10/21/2019 12:34 PM
632,P,Jihomoravsky kraj,Korporat,85,01/27/2019 07:41 PM
633,0,Ustecky kraj,SME,263,03/05/2019 10:44 PM
634,R,Liberecky kraj,Jine,758,09/28/2019 12:53 AM
635,0,Kralovehradecky kraj,Korporat,134,07/22/2019 12:16 PM
636,R,Hlavni mesto Praha,SME,913,09/25/2019 01:16 PM
637,0,Jihomoravsky kraj,Jine,542,12/11/2019 10:35 PM
638,P,Jihomoravsky kraj,SME,283,03/28/2019 09:04 AM
639,0,Moravskoslezsky kraj,SME,665,10/21/2019 03:57 PM
640,R,Kralovehradecky kraj,Jine,346,09/18/2019 09:17 AM
641,C,Zlínsky kraj,SME,0,01/07/2019 12:45 AM
642,C,Kralovehradecky kraj,SME,731,01/22/2019 05:20 PM
643,C,Moravskoslezsky kraj,SME,829,09/01/2019 01:48 PM
644,0,Jihomoravsky kraj,Jine,527,01/10/2019 01:51 PM
645,C,Jihomoravsky kraj,SME,54,05/05/2019 01:37 PM
646,P,Jihomoravsky kraj,Korporat,180,10/15/2019 10:39 AM
647,C,Ustecky kraj,Jine,638,05/23/2019 05:07 PM
648,R,Stredoceský kraj,Korporat,306,02/23/2019 12:26 AM
649,R,Olomoucky kraj,SME,694,10/19/2019 02:31 AM
650,0,Ustecky kraj,Korporat,242,11/08/2019 11:02 AM
651,P,Olomoucky kraj,Jine,3,12/20/2019 10:40 PM
652,R,Stredoceský kraj,Korporat,306,03/27/2019 03:59 AM
653,R,Olomoucky kraj,Korporat,456,07/11/2019 03:04 PM
654,P,Olomoucky kraj,SME,831,01/22/2019 11:05 AM
655,R,Kraj Vysocina,Jine,23,04/24/2019 04:45 PM
656,0,Olomoucky kraj,Korporat,645,07/06/2019 02:26 AM
657,P,Ustecky kraj,Jine,144,02/08/2019 05:52 PM
658,C,Olomoucky kraj,Korporat,518,12/02/2019 06:50 AM
659,0,Pardubicky kraj,Korporat,373,07/05/2019 06:17 PM
660,P,Plzenský kraj,SME,407,04/25/2019 12:07 AM
661,C,Liberecky kraj,Korporat,545,09/29/2019 09:55 AM
662,P,Hlavni mesto Praha,Jine,708,11/24/2019 09:54 PM
663,0,Karlovarsky kraj,SME,515,10/13/2019 06:47 PM
664,0,Hlavni mesto Praha,Korporat,578,04/11/2019 10:10 AM
665,0,Hlavni mesto Praha,Jine,536,12/07/2019 10:28 AM
666,R,Ustecky kraj,Korporat,659,06/25/2019 08:25 PM
667,0,Kraj Vysocina,Korporat,588,10/15/2019 04:45 AM
668,P,Zlínsky kraj,Jine,570,10/29/2019 06:41 AM
669,P,Hlavni mesto Praha,Korporat,31,03/03/2019 08:31 PM
670,P,Zlínsky kraj,Jine,207,12/27/2019 11:14 AM
671,R,Ustecky kraj,SME,574,09/25/2019 07:54 AM
672,P,Karlovarsky kraj,SME,346,11/14/2019 07:44 AM
673,P,Jihoceský kraj,Korporat,76,04/15/2019 04:21 AM
674,C,Jihoceský kraj,Jine,150,12/10/2019 03:52 AM
675,0,Plzenský kraj,Jine,131,08/13/2019 05:11 AM
676,0,Karlovarsky kraj,Korporat,344,02/18/2019 11:13 PM
677,0,Jihomoravsky kraj,Korporat,884,02/09/2019 12:02 AM
678,R,Hlavni mesto Praha,Korporat,989,01/22/2019 07:29 AM
679,0,Karlovarsky kraj,SME,561,09/10/2019 01:56 PM
680,P,Kralovehradecky kraj,Korporat,749,09/10/2019 09:16 PM
681,P,Kraj Vysocina,Jine,5,05/10/2019 09:27 PM
682,P,Ustecky kraj,SME,648,07/30/2019 08:02 AM
683,R,Hlavni mesto Praha,Jine,505,02/26/2019 05:31 PM
684,0,Ustecky kraj,SME,389,04/21/2019 10:17 PM
685,0,Pardubicky kraj,Korporat,403,04/11/2019 01:12 AM
686,R,Ustecky kraj,Jine,73,07/16/2019 10:21 PM
687,R,Jihomoravsky kraj,Jine,808,08/05/2019 02:09 PM
688,0,Zlínsky kraj,Korporat,241,05/21/2019 12:44 PM
689,0,Jihoceský kraj,SME,820,12/07/2019 01:17 PM
690,P,Stredoceský kraj,SME,632,03/06/2019 03:23 AM
691,0,Jihoceský kraj,SME,279,11/15/2019 11:42 PM
692,C,Jihoceský kraj,Jine,910,01/12/2019 06:35 PM
693,C,Zlínsky kraj,Jine,920,12/26/2019 03:23 AM
694,0,Olomoucky kraj,Jine,213,05/02/2019 01:23 PM
695,P,Zlínsky kraj,Korporat,683,09/12/2019 12:28 AM
696,R,Karlovarsky kraj,Korporat,845,09/09/2019 10:43 AM
697,R,Jihoceský kraj,Korporat,530,02/01/2019 08:02 AM
698,C,Olomoucky kraj,Korporat,847,06/10/2019 03:57 AM
699,C,Ustecky kraj,SME,471,08/27/2019 07:48 AM
700,R,Hlavni mesto Praha,Jine,307,01/26/2019 09:55 PM
701,C,Liberecky kraj,Jine,169,06/05/2019 03:44 PM
702,R,Hlavni mesto Praha,SME,550,12/18/2019 09:07 AM
703,R,Pardubicky kraj,Korporat,118,01/18/2019 01:18 PM
704,0,Kralovehradecky kraj,Jine,311,02/23/2019 01:52 AM
705,P,Moravskoslezsky kraj,SME,600,01/07/2019 11:22 PM
706,R,Jihoceský kraj,Korporat,92,11/10/2019 01:28 AM
707,C,Zlínsky kraj,Korporat,175,11/07/2019 04:44 PM
708,R,Ustecky kraj,Korporat,702,02/28/2019 07:48 PM
709,P,Karlovarsky kraj,Korporat,538,03/07/2019 07:24 AM
710,0,Pardubicky kraj,Korporat,282,11/16/2019 07:33 PM
711,R,Hlavni mesto Praha,Jine,308,03/10/2019 12:13 PM
712,C,Ustecky kraj,Jine,866,04/28/2019 08:47 PM
713,C,Hlavni mesto Praha,SME,668,09/03/2019 09:45 PM
714,R,Kralovehradecky kraj,SME,675,03/13/2019 11:26 PM
715,P,Jihoceský kraj,Jine,315,11/14/2019 04:37 PM
716,R,Ustecky kraj,Jine,262,04/20/2019 03:20 AM
717,0,Kraj Vysocina,Jine,475,07/19/2019 04:52 AM
718,C,Liberecky kraj,SME,142,04/21/2019 02:33 AM
719,C,Stredoceský kraj,Korporat,741,07/14/2019 12:01 PM
720,C,Jihomoravsky kraj,Korporat,805,09/11/2019 05:57 PM
721,0,Stredoceský kraj,Korporat,566,07/25/2019 04:31 PM
722,0,Kraj Vysocina,SME,755,07/08/2019 11:20 AM
723,P,Olomoucky kraj,Korporat,611,01/22/2019 10:17 PM
724,C,Kralovehradecky kraj,Jine,945,06/26/2019 11:22 AM
725,P,Liberecky kraj,Jine,118,12/01/2019 01:20 AM
726,0,Kraj Vysocina,Korporat,591,05/17/2019 12:15 PM
727,P,Pardubicky kraj,SME,353,04/06/2019 04:33 AM
728,P,Moravskoslezsky kraj,Korporat,173,11/04/2019 06:12 PM
729,C,Hlavni mesto Praha,Jine,17,04/01/2019 04:11 AM
730,P,Ustecky kraj,SME,103,06/19/2019 09:58 AM
731,0,Jihoceský kraj,Korporat,72,12/08/2019 03:13 PM
732,R,Moravskoslezsky kraj,SME,180,08/28/2019 03:05 AM
733,R,Liberecky kraj,SME,651,07/27/2019 04:52 AM
734,C,Pardubicky kraj,Korporat,845,10/07/2019 03:32 PM
735,C,Hlavni mesto Praha,SME,384,08/25/2019 02:15 AM
736,C,Karlovarsky kraj,SME,245,03/24/2019 10:25 PM
737,R,Olomoucky kraj,SME,15,01/01/2019 04:54 PM
738,C,Pardubicky kraj,Jine,438,07/26/2019 04:17 PM
739,R,Jihomoravsky kraj,Jine,26,12/29/2019 03:29 PM
740,P,Kralovehradecky kraj,SME,607,05/24/2019 01:55 PM
741,P,Zlínsky kraj,SME,481,03/29/2019 05:23 AM
742,0,Olomoucky kraj,Jine,126,02/08/2019 10:36 PM
743,P,Jihoceský kraj,SME,619,10/19/2019 11:41 AM
744,R,Karlovarsky kraj,Jine,19,12/25/2019 03:21 AM
745,P,Plzenský kraj,Korporat,681,12/10/2019 10:09 PM
746,R,Kralovehradecky kraj,SME,417,11/30/2019 06:51 AM
747,C,Jihomoravsky kraj,Korporat,749,08/19/2019 12:59 PM
748,P,Plzenský kraj,SME,180,02/22/2019 12:30 PM
749,R,Hlavni mesto Praha,Korporat,788,06/02/2019 06:45 PM
750,P,Pardubicky kraj,Jine,120,07/26/2019 02:38 PM
751,P,Pardubicky kraj,Korporat,97,08/14/2019 04:25 PM
752,0,Plzenský kraj,Jine,550,06/05/2019 12:19 PM
753,C,Pardubicky kraj,SME,351,10/17/2019 08:09 PM
754,P,Moravskoslezsky kraj,Jine,567,09/19/2019 05:57 AM
755,P,Hlavni mesto Praha,Jine,296,02/11/2019 02:18 AM
756,C,Ustecky kraj,Jine,456,03/18/2019 03:50 AM
757,P,Karlovarsky kraj,Korporat,325,04/08/2019 02:57 PM
758,P,Liberecky kraj,Jine,692,07/23/2019 04:03 AM
759,C,Kralovehradecky kraj,Jine,529,12/18/2019 07:06 AM
760,0,Kraj Vysocina,Jine,539,10/31/2019 05:14 AM
761,P,Stredoceský kraj,Jine,515,10/12/2019 05:45 PM
762,0,Liberecky kraj,Korporat,785,10/03/2019 01:17 AM
763,0,Stredoceský kraj,Korporat,798,06/26/2019 07:20 AM
764,R,Karlovarsky kraj,Korporat,62,01/20/2019 10:48 AM
765,R,Kraj Vysocina,Korporat,384,12/09/2019 08:07 PM
766,0,Jihomoravsky kraj,Jine,635,04/14/2019 07:47 PM
767,0,Stredoceský kraj,Jine,31,03/13/2019 05:28 AM
768,C,Pardubicky kraj,Korporat,744,04/05/2019 05:23 PM
769,0,Hlavni mesto Praha,Korporat,178,12/12/2019 11:47 PM
770,0,Hlavni mesto Praha,SME,652,02/09/2019 04:37 AM
771,C,Stredoceský kraj,Korporat,385,11/19/2019 04:11 AM
772,P,Kralovehradecky kraj,Jine,760,03/02/2019 04:31 AM
773,R,Zlínsky kraj,Jine,173,08/04/2019 05:05 PM
774,P,Liberecky kraj,Korporat,880,01/07/2019 03:36 PM
775,P,Olomoucky kraj,Jine,162,10/27/2019 01:59 PM
776,P,Zlínsky kraj,SME,536,12/01/2019 11:45 PM
777,P,Karlovarsky kraj,SME,705,12/30/2019 05:39 AM
778,P,Hlavni mesto Praha,SME,337,08/11/2019 12:07 AM
779,C,Stredoceský kraj,SME,340,11/29/2019 08:10 AM
780,R,Ustecky kraj,SME,609,07/24/2019 04:27 PM
781,C,Jihomoravsky kraj,SME,455,03/05/2019 07:50 AM
782,0,Zlínsky kraj,Jine,952,04/08/2019 05:45 PM
783,0,Hlavni mesto Praha,Korporat,894,08/07/2019 10:54 PM
784,0,Olomoucky kraj,Korporat,661,10/11/2019 01:05 AM
785,R,Plzenský kraj,Jine,241,11/04/2019 05:01 AM
786,C,Jihoceský kraj,Korporat,333,11/01/2019 10:57 PM
787,R,Moravskoslezsky kraj,Korporat,399,05/01/2019 12:14 PM
788,C,Pardubicky kraj,SME,961,12/26/2019 07:07 PM
789,0,Moravskoslezsky kraj,Korporat,82,10/27/2019 11:59 PM
790,R,Liberecky kraj,SME,515,03/18/2019 02:17 PM
791,P,Jihoceský kraj,Jine,108,05/19/2019 09:08 AM
792,P,Karlovarsky kraj,SME,171,07/12/2019 05:42 AM
793,P,Olomoucky kraj,Korporat,621,08/21/2019 10:09 AM
794,R,Moravskoslezsky kraj,Jine,865,04/17/2019 08:27 AM
795,P,Karlovarsky kraj,Jine,574,07/12/2019 12:22 AM
796,0,Jihoceský kraj,SME,168,12/22/2019 01:06 AM
797,C,Zlínsky kraj,Korporat,246,09/07/2019 09:09 PM
798,R,Jihomoravsky kraj,Jine,994,08/19/2019 01:31 AM
799,0,Olomoucky kraj,Korporat,482,12/06/2019 07:55 PM
800,P,Jihomoravsky kraj,SME,623,04/30/2019 09:43 AM
801,0,Olomoucky kraj,SME,398,05/29/2019 08:43 PM
802,0,Olomoucky kraj,Korporat,476,12/16/2019 03:30 PM
803,R,Moravskoslezsky kraj,Jine,695,05/25/2019 05:31 AM
804,0,Jihoceský kraj,Korporat,609,08/05/2019 06:31 AM
805,P,Pardubicky kraj,SME,377,06/25/2019 04:11 PM
806,0,Moravskoslezsky kraj,Korporat,490,03/22/2019 08:08 AM
807,R,Kralovehradecky kraj,Jine,406,04/13/2019 02:01 PM
808,R,Jihoceský kraj,Jine,254,05/09/2019 02:56 PM
809,C,Pardubicky kraj,Korporat,656,07/10/2019 05:42 PM
810,R,Karlovarsky kraj,SME,38,11/21/2019 03:23 AM
811,C,Kralovehradecky kraj,Korporat,344,03/10/2019 01:02 AM
812,R,Olomoucky kraj,SME,919,11/11/2019 08:03 PM
813,P,Kraj Vysocina,Jine,42,06/19/2019 05:29 AM
814,P,Moravskoslezsky kraj,SME,660,12/01/2019 12:27 AM
815,R,Jihoceský kraj,Korporat,315,04/29/2019 07:47 AM
816,C,Jihomoravsky kraj,Jine,94,07/13/2019 02:09 AM
817,0,Hlavni mesto Praha,Korporat,238,07/27/2019 05:15 PM
818,R,Jihomoravsky kraj,Korporat,170,02/02/2019 07:29 PM
819,0,Hlavni mesto Praha,Jine,509,03/20/2019 10:02 PM
820,P,Zlínsky kraj,Jine,445,06/29/2019 10:39 PM
821,P,Moravskoslezsky kraj,Korporat,877,03/09/2019 02:14 PM
822,R,Moravskoslezsky kraj,SME,599,09/30/2019 02:54 PM
823,P,Ustecky kraj,Korporat,1,03/17/2019 07:33 AM
824,R,Plzenský kraj,Jine,755,11/23/2019 09:51 PM
825,C,Jihoceský kraj,Jine,325,02/03/2019 06:11 AM
826,0,Olomoucky kraj,Jine,456,10/27/2019 02:39 AM
827,R,Ustecky kraj,Jine,257,04/03/2019 07:53 AM
828,P,Jihoceský kraj,SME,219,03/17/2019 12:45 PM
829,0,Moravskoslezsky kraj,Korporat,582,08/16/2019 06:02 PM
830,0,Jihoceský kraj,Jine,166,08/30/2019 04:11 PM
831,0,Plzenský kraj,Korporat,445,10/01/2019 01:24 PM
832,P,Jihoceský kraj,Jine,961,07/08/2019 04:07 PM
833,R,Jihomoravsky kraj,Korporat,459,05/11/2019 05:16 PM
834,0,Stredoceský kraj,SME,936,08/10/2019 04:34 PM
835,P,Hlavni mesto Praha,Korporat,538,07/30/2019 06:28 PM
836,P,Zlínsky kraj,SME,57,10/24/2019 01:07 AM
837,R,Plzenský kraj,Korporat,356,09/06/2019 12:51 PM
838,P,Liberecky kraj,SME,126,03/18/2019 04:23 PM
839,C,Ustecky kraj,Jine,817,08/15/2019 04:55 AM
840,P,Kralovehradecky kraj,Jine,419,01/07/2019 02:33 AM
841,0,Pardubicky kraj,SME,728,11/09/2019 12:04 PM
842,C,Plzenský kraj,Korporat,465,03/17/2019 03:51 PM
843,C,Plzenský kraj,Jine,331,07/10/2019 10:08 AM
844,C,Jihoceský kraj,Jine,380,12/08/2019 04:12 PM
845,R,Kraj Vysocina,SME,541,06/28/2019 03:31 AM
846,0,Kraj Vysocina,Korporat,439,06/28/2019 07:13 PM
847,P,Kralovehradecky kraj,SME,825,03/13/2019 01:59 PM
848,R,Kraj Vysocina,SME,381,05/22/2019 06:41 PM
849,0,Pardubicky kraj,Korporat,55,08/28/2019 04:48 AM
850,C,Moravskoslezsky kraj,SME,123,09/27/2019 08:05 PM
851,C,Plzenský kraj,Korporat,408,03/12/2019 04:31 PM
852,0,Jihoceský kraj,SME,620,07/04/2019 06:40 PM
853,P,Zlínsky kraj,SME,439,04/20/2019 08:55 AM
854,P,Jihoceský kraj,Jine,916,10/02/2019 07:53 AM
855,C,Plzenský kraj,SME,233,12/31/2019 04:58 PM
856,C,Zlínsky kraj,Jine,513,10/16/2019 09:56 AM
857,R,Plzenský kraj,SME,109,09/29/2019 02:23 AM
858,R,Jihomoravsky kraj,Jine,952,11/20/2019 07:07 AM
859,R,Ustecky kraj,SME,479,09/14/2019 03:20 AM
860,0,Pardubicky kraj,Korporat,427,03/04/2019 06:47 PM
861,R,Zlínsky kraj,SME,596,07/27/2019 08:23 AM
862,P,Ustecky kraj,SME,28,10/14/2019 07:43 PM
863,R,Hlavni mesto Praha,Jine,591,10/04/2019 08:56 AM
864,R,Stredoceský kraj,SME,16,09/21/2019 03:17 PM
865,C,Plzenský kraj,SME,977,04/23/2019 03:54 AM
866,0,Plzenský kraj,SME,522,03/07/2019 10:04 AM
867,C,Jihomoravsky kraj,SME,776,01/10/2019 11:53 PM
868,C,Zlínsky kraj,SME,877,10/27/2019 08:35 PM
869,R,Kraj Vysocina,Korporat,762,04/15/2019 06:23 AM
870,R,Kraj Vysocina,Jine,389,10/22/2019 11:07 AM
871,R,Moravskoslezsky kraj,Jine,386,12/08/2019 09:06 PM
872,R,Plzenský kraj,SME,932,12/05/2019 02:23 PM
873,P,Moravskoslezsky kraj,Korporat,254,01/10/2019 02:02 AM
874,0,Kralovehradecky kraj,SME,794,02/15/2019 06:36 PM
875,R,Stredoceský kraj,SME,692,08/23/2019 05:55 PM
876,0,Ustecky kraj,Korporat,796,10/01/2019 11:26 AM
877,P,Plzenský kraj,Jine,61,03/18/2019 03:50 PM
878,0,Liberecky kraj,Jine,308,09/26/2019 06:52 PM
879,0,Hlavni mesto Praha,Jine,569,07/01/2019 08:08 PM
880,R,Moravskoslezsky kraj,Korporat,998,10/26/2019 04:26 PM
881,R,Plzenský kraj,Jine,944,01/12/2019 09:52 AM
882,R,Hlavni mesto Praha,Korporat,880,12/07/2019 12:42 PM
883,R,Pardubicky kraj,Korporat,887,12/03/2019 04:43 PM
884,C,Moravskoslezsky kraj,SME,969,06/12/2019 05:22 AM
885,P,Kralovehradecky kraj,SME,348,04/10/2019 01:33 AM
886,C,Plzenský kraj,Jine,109,04/06/2019 07:02 AM
887,0,Pardubicky kraj,Korporat,67,07/21/2019 04:52 PM
888,R,Kralovehradecky kraj,Jine,771,10/26/2019 09:46 PM
889,R,Moravskoslezsky kraj,Korporat,748,05/02/2019 12:12 PM
890,C,Kraj Vysocina,SME,60,10/10/2019 08:56 PM
891,C,Kralovehradecky kraj,Jine,512,01/03/2019 12:49 AM
892,R,Plzenský kraj,Jine,499,12/03/2019 11:54 AM
893,R,Liberecky kraj,SME,744,09/15/2019 06:50 PM
894,P,Liberecky kraj,SME,622,04/28/2019 06:31 AM
895,C,Olomoucky kraj,Jine,684,08/29/2019 06:41 AM
896,R,Hlavni mesto Praha,SME,282,03/03/2019 04:06 PM
897,R,Olomoucky kraj,SME,132,10/26/2019 10:24 AM
898,P,Zlínsky kraj,SME,299,06/21/2019 08:30 AM
899,0,Jihomoravsky kraj,Jine,251,07/01/2019 11:34 AM
900,C,Olomoucky kraj,SME,271,02/01/2019 05:49 AM
901,P,Jihoceský kraj,SME,793,08/07/2019 07:05 PM
902,0,Olomoucky kraj,Jine,585,02/16/2019 11:00 PM
903,R,Liberecky kraj,Korporat,943,03/22/2019 08:57 PM
904,0,Pardubicky kraj,Jine,112,01/20/2019 04:33 AM
905,R,Plzenský kraj,SME,585,07/01/2019 07:36 AM
906,0,Jihomoravsky kraj,Jine,492,05/26/2019 04:48 PM
907,R,Stredoceský kraj,SME,919,02/02/2019 08:21 PM
908,0,Jihomoravsky kraj,Korporat,227,04/01/2019 03:11 AM
909,R,Plzenský kraj,Jine,112,05/06/2019 07:38 PM
910,P,Stredoceský kraj,Korporat,633,07/25/2019 12:29 PM
911,P,Ustecky kraj,Jine,588,01/30/2019 04:26 AM
912,C,Zlínsky kraj,Jine,856,06/24/2019 08:56 AM
913,0,Zlínsky kraj,Korporat,196,12/30/2019 05:29 AM
914,P,Kralovehradecky kraj,SME,75,07/11/2019 10:17 PM
915,0,Jihoceský kraj,Jine,696,08/18/2019 07:03 AM
916,0,Moravskoslezsky kraj,Jine,539,08/26/2019 10:23 AM
917,0,Ustecky kraj,Korporat,812,04/29/2019 07:29 PM
918,C,Kraj Vysocina,Korporat,674,12/03/2019 03:41 AM
919,P,Olomoucky kraj,Korporat,930,05/11/2019 11:02 PM
920,C,Pardubicky kraj,Jine,792,12/26/2019 09:50 PM
921,P,Olomoucky kraj,Jine,202,06/20/2019 05:00 AM
922,0,Pardubicky kraj,Jine,850,06/30/2019 03:22 AM
923,C,Plzenský kraj,Jine,363,10/26/2019 07:36 PM
924,C,Stredoceský kraj,Korporat,666,01/27/2019 06:48 AM
925,C,Olomoucky kraj,Jine,544,01/21/2019 03:37 PM
926,R,Ustecky kraj,SME,233,04/10/2019 10:55 AM
927,P,Olomoucky kraj,SME,470,09/12/2019 01:36 PM
928,R,Ustecky kraj,Korporat,291,05/29/2019 12:34 PM
929,R,Karlovarsky kraj,Jine,866,08/06/2019 11:40 AM
930,0,Kraj Vysocina,SME,649,03/17/2019 03:16 PM
931,C,Kralovehradecky kraj,Korporat,183,11/01/2019 08:26 AM
932,C,Olomoucky kraj,Jine,46,03/28/2019 01:02 AM
933,0,Stredoceský kraj,SME,131,09/03/2019 06:00 PM
934,C,Stredoceský kraj,Korporat,472,09/21/2019 05:18 PM
935,R,Zlínsky kraj,Jine,266,08/22/2019 02:48 AM
936,C,Kralovehradecky kraj,Korporat,130,02/05/2019 04:17 PM
937,R,Jihomoravsky kraj,Jine,627,01/13/2019 03:25 PM
938,P,Jihoceský kraj,Jine,851,02/22/2019 11:43 AM
939,C,Karlovarsky kraj,Korporat,416,08/09/2019 08:59 PM
940,R,Zlínsky kraj,Korporat,530,02/11/2019 09:49 AM
941,R,Jihoceský kraj,SME,746,05/14/2019 09:13 AM
942,P,Pardubicky kraj,Jine,521,09/25/2019 05:14 AM
943,R,Liberecky kraj,Jine,951,06/29/2019 02:22 AM
944,R,Hlavni mesto Praha,SME,43,04/15/2019 06:57 AM
945,P,Ustecky kraj,Korporat,958,10/30/2019 09:19 PM
946,R,Jihoceský kraj,Jine,663,04/29/2019 09:39 PM
947,R,Hlavni mesto Praha,Jine,940,01/13/2019 04:57 PM
948,R,Moravskoslezsky kraj,Korporat,860,08/27/2019 02:09 PM
949,C,Karlovarsky kraj,Jine,698,01/23/2019 02:53 AM
950,P,Jihoceský kraj,Korporat,692,09/27/2019 06:26 PM
951,R,Plzenský kraj,Jine,159,08/12/2019 10:27 AM
952,R,Stredoceský kraj,Korporat,596,08/18/2019 05:24 PM
953,0,Stredoceský kraj,Korporat,929,01/22/2019 09:04 PM
954,R,Kralovehradecky kraj,SME,403,04/26/2019 11:25 PM
955,P,Jihomoravsky kraj,Korporat,301,08/14/2019 09:31 PM
956,0,Pardubicky kraj,SME,360,09/05/2019 12:18 AM
957,R,Olomoucky kraj,Jine,476,04/21/2019 12:38 AM
958,R,Pardubicky kraj,SME,119,10/14/2019 11:59 AM
959,0,Moravskoslezsky kraj,SME,508,11/12/2019 03:24 AM
960,0,Kraj Vysocina,Korporat,654,11/20/2019 02:17 PM
961,R,Ustecky kraj,SME,135,07/17/2019 04:53 AM
962,0,Karlovarsky kraj,Korporat,335,05/02/2019 07:32 PM
963,P,Jihoceský kraj,Jine,547,08/25/2019 05:11 PM
964,R,Liberecky kraj,Korporat,649,02/14/2019 07:38 PM
965,C,Plzenský kraj,SME,540,07/09/2019 08:00 PM
966,P,Jihomoravsky kraj,Korporat,273,06/11/2019 11:04 PM
967,R,Jihoceský kraj,Jine,278,04/30/2019 01:16 PM
968,R,Kraj Vysocina,Jine,911,10/23/2019 03:34 PM
969,R,Hlavni mesto Praha,Korporat,909,10/18/2019 07:15 AM
970,0,Karlovarsky kraj,Korporat,305,09/30/2019 08:33 PM
971,C,Ustecky kraj,Jine,428,04/05/2019 11:27 PM
972,0,Kraj Vysocina,Korporat,450,11/11/2019 02:10 AM
973,C,Kraj Vysocina,Korporat,500,05/12/2019 04:34 PM
974,R,Zlínsky kraj,SME,222,06/19/2019 09:51 AM
975,R,Hlavni mesto Praha,SME,523,07/10/2019 03:59 AM
976,R,Stredoceský kraj,Jine,690,08/27/2019 01:04 PM
977,P,Kraj Vysocina,Korporat,798,08/13/2019 01:03 AM
978,0,Zlínsky kraj,SME,102,02/25/2019 05:22 AM
979,R,Plzenský kraj,Korporat,704,03/11/2019 06:51 AM
980,C,Ustecky kraj,Korporat,944,12/05/2019 06:00 AM
981,R,Hlavni mesto Praha,Jine,538,03/16/2019 01:40 PM
982,P,Kralovehradecky kraj,Jine,111,05/29/2019 05:52 AM
983,R,Liberecky kraj,Jine,11,08/13/2019 11:18 PM
984,P,Moravskoslezsky kraj,Korporat,579,07/15/2019 08:33 PM
985,R,Moravskoslezsky kraj,SME,55,01/14/2019 12:47 AM
986,R,Moravskoslezsky kraj,SME,22,08/11/2019 02:15 PM
987,0,Zlínsky kraj,SME,310,01/16/2019 10:19 AM
988,R,Karlovarsky kraj,Jine,323,08/11/2019 07:46 AM
989,R,Hlavni mesto Praha,Korporat,589,06/02/2019 01:54 PM
990,R,Hlavni mesto Praha,Korporat,959,06/20/2019 11:16 AM
991,0,Moravskoslezsky kraj,Jine,764,03/03/2019 05:38 AM
992,P,Hlavni mesto Praha,Jine,9,05/24/2019 12:38 AM
993,0,Olomoucky kraj,SME,490,09/01/2019 08:16 AM
994,C,Pardubicky kraj,Jine,559,06/04/2019 11:19 AM
995,P,Hlavni mesto Praha,Jine,826,08/27/2019 04:17 PM
996,P,Pardubicky kraj,Korporat,640,05/20/2019 02:06 AM
997,P,Moravskoslezsky kraj,SME,385,10/03/2019 09:50 AM
998,R,Ustecky kraj,Korporat,526,12/03/2019 01:30 AM
999,R,Olomoucky kraj,SME,885,08/05/2019 12:57 AM
